{
"skeleton": { "hash": "MaA7Rpwg2Z328V+JnwLKsZEPGUU", "spine": "3.3.07", "width": 361.58, "height": 504.58, "images": "" },
"bones": [
	{ "name": "root" }
],
"slots": [
	{ "name": "racerio_car_bag", "bone": "root", "attachment": "racerio_car_bag_1" },
	{ "name": "racerio_car_bag_a1", "bone": "root", "attachment": "racerio_car_bag_a1" }
],
"skins": {
	"default": {
		"racerio_car_bag": {
			"racerio_car_bag_1": {
				"type": "mesh",
				"path": "racerio_car_bag_b1",
				"uvs": [ 1, 0.13828, 1, 0.49534, 1, 1, 0.42842, 1, 0, 1, 0, 0.48697, 0, 0, 0.32049, 0, 1, 0, 0.36592, 0.5436 ],
				"triangles": [ 9, 7, 8, 5, 6, 7, 0, 9, 8, 9, 5, 7, 0, 1, 9, 4, 5, 9, 2, 3, 9, 4, 9, 3, 2, 9, 1 ],
				"vertices": [ 173, 183.06, 173, 10.25, 173, -233.99, -27.05, -233.99, -176.99, -233.99, -176.99, 14.3, -176.99, 250, -64.82, 250, 173, 250, -48.92, -13.1 ],
				"hull": 9,
				"edges": [ 12, 14, 14, 16, 18, 14, 18, 4, 18, 8, 8, 10, 10, 12, 18, 10, 2, 4, 18, 2, 4, 6, 6, 8, 18, 6, 18, 16, 2, 0, 0, 16 ],
				"width": 340,
				"height": 468
			},
			"racerio_car_bag_4": { "path": "racerio_car_bag_b4", "x": 0.14, "width": 361, "height": 458 },
			"racerio_car_bag_5": { "path": "racerio_car_bag_b5", "width": 357, "height": 336 },
			"racerio_car_bag_6": { "path": "racerio_car_bag_b6", "width": 313, "height": 297 },
			"racerio_car_bag_7": { "path": "racerio_car_bag_b7", "width": 241, "height": 166 },
			"racerio_car_bag_8": { "path": "racerio_car_bag_b8", "width": 210, "height": 129 }
		},
		"racerio_car_bag_a1": {
			"racerio_car_bag_a1": {
				"type": "mesh",
				"uvs": [ 1, 0.18179, 1, 0.45474, 1, 1, 0.50239, 1, 0, 1, 0, 0.4615, 0, 0, 0.4874, 0, 1, 0, 0.33561, 0.53446 ],
				"triangles": [ 9, 7, 8, 0, 9, 8, 9, 5, 6, 7, 9, 6, 1, 9, 0, 4, 5, 9, 2, 3, 9, 4, 9, 3, 2, 9, 1 ],
				"vertices": [ 180.6, 154.01, 181.54, 21.43, 180.6, -242, 0.41, -254.58, -175.84, -251.32, -180.04, 14.43, -168.39, 242, 1.71, 242, 180.6, 242, -51.26, -16.68 ],
				"hull": 9,
				"edges": [ 8, 10, 10, 12, 18, 10, 4, 6, 6, 8, 18, 6, 18, 8, 18, 4, 4, 2, 18, 2, 18, 16, 18, 12, 12, 14, 14, 16, 18, 14, 2, 0, 0, 16, 18, 0 ],
				"width": 349,
				"height": 484
			},
			"racerio_car_bag_a4": { "x": 0.93, "y": -11.5, "width": 364, "height": 477 },
			"racerio_car_bag_a5": { "width": 366, "height": 355 },
			"racerio_car_bag_a6": { "width": 332, "height": 316 },
			"racerio_car_bag_a7": { "width": 211, "height": 185 },
			"racerio_car_bag_a8": { "width": 170, "height": 148 }
		}
	}
},
"animations": {
	"blow_blue": {
		"slots": {
			"racerio_car_bag": {
				"attachment": [
					{ "time": 0, "name": "racerio_car_bag_1" },
					{ "time": 0.6333, "name": "racerio_car_bag_1" },
					{ "time": 0.6666, "name": "racerio_car_bag_4" },
					{ "time": 0.7, "name": "racerio_car_bag_5" },
					{ "time": 0.7333, "name": "racerio_car_bag_6" },
					{ "time": 0.7666, "name": "racerio_car_bag_7" },
					{ "time": 0.8333, "name": "racerio_car_bag_8" },
					{ "time": 0.8666, "name": "racerio_car_bag_8" },
					{ "time": 0.9, "name": null }
				]
			},
			"racerio_car_bag_a1": {
				"attachment": [
					{ "time": 0, "name": "racerio_car_bag_a1" },
					{ "time": 0.6333, "name": "racerio_car_bag_a1" },
					{ "time": 0.6666, "name": "racerio_car_bag_a4" },
					{ "time": 0.7, "name": "racerio_car_bag_a5" },
					{ "time": 0.7333, "name": "racerio_car_bag_a6" },
					{ "time": 0.7666, "name": "racerio_car_bag_a7" },
					{ "time": 0.8333, "name": "racerio_car_bag_a8" },
					{ "time": 0.9, "name": null }
				]
			}
		},
		"deform": {
			"default": {
				"racerio_car_bag": {
					"racerio_car_bag_1": [
						{ "time": 0 },
						{
							"time": 0.1666,
							"vertices": [ -5.94281, 6.16139, 0.0884, 6.26666, 39.00979, -9.47882, 10.95257, 5.00468, -3.14146, 0.63267, -21.23942, -9.6336, -36.59713, 40.97001, 5.28999, 6.57006, -8.27868, 6.12062, -13.8607, 4.86533 ],
							"curve": [ 0.25, 0, 0.75, 1 ]
						},
						{
							"time": 0.2333,
							"offset": 4,
							"vertices": [ 17.89434, -10.16726, 1.44665, 3.29409, -7.04135, 4.10746, -12.90912, -1.76033, -16.12305, 28.81878, -8.16985, 10.16876, 0, 0, -8.80169, 4.10744 ]
						},
						{
							"time": 0.3,
							"offset": 4,
							"vertices": [ 27.43798, -15.5898, 2.21821, 5.05094, -10.79674, 6.29811, -19.79398, -2.69918, -24.72202, 44.18879, -12.5271, 15.5921, 0, 0, -13.49593, 6.29808 ]
						},
						{
							"time": 0.5,
							"vertices": [ 21.47316, -26.81707, -2.21603, -26.03798, 3.95928, -5.32397, 0.55398, -3.324, -74.23599, -19.94397, -0.55398, 2.77, -0.55398, 1.10798, -6.09399, -1.66198, 42.13926, 14.48677, 23.1382, 3.40918 ]
						},
						{
							"time": 0.5666,
							"vertices": [ 19.56581, -29.7594, -1.77282, -20.83038, -11.16687, 1.92423, 0.44318, -2.6592, -59.38878, -15.95517, -0.44318, 2.216, 5.17814, -4.73488, -2.06458, -1.32958, 50.96794, 27.92155, 17.9391, 3.65849 ]
						},
						{
							"time": 0.6333,
							"vertices": [ 24.45727, -37.19926, -2.21603, -26.03798, -1.66198, -1.108, 0.55398, -3.324, -74.23599, -19.94397, -0.55398, 2.77, -0.55398, 1.10798, -6.09399, -1.66198, 63.70994, 34.90194, 8.5866, 0.77996 ],
							"curve": [ 0.25, 0, 0.75, 1 ]
						},
						{ "time": 0.8333 }
					]
				},
				"racerio_car_bag_a1": {
					"racerio_car_bag_a1": [
						{
							"time": 0,
							"offset": 10,
							"vertices": [ 1.66799, 4.44799, -11.475, 4.59002, -5.35499, 5.35504, 0, 0, -3.90103, 0.54701 ]
						},
						{
							"time": 0.1666,
							"vertices": [ -8.33999, 11.67601, -2.77998, 4.44799, 35.58401, -14.45599, 13.34397, 11.11999, -6.92398, 2.296, -17.53355, -6.0536, -20.12403, 5.50405, 3.57199, 13.18002, -13.9, 13.34402, -15.87274, 4.86619 ],
							"curve": [ 0.25, 0, 0.75, 1 ]
						},
						{
							"time": 0.2333,
							"vertices": [ 3.61402, -1.7236, 1.94604, 1.22318, 23.12958, -21.9064, 7.84956, 6.88798, -9.50759, 6.33839, -8.15625, -1.18024, -23.05159, 19.31759, -6.96917, 13.53002, -0.27801, 8.1176, -15.04072, 3.7298 ]
						},
						{
							"time": 0.3,
							"vertices": [ 3.21247, -1.53209, 0.6898, -1.51271, 34.07959, -27.79233, 8.53735, 8.72266, -8.45119, 5.63413, -16.60996, -0.52913, -25.1703, 21.85119, -10.8748, 17.22667, -0.24712, 7.21565, -22.20953, 6.95537 ]
						},
						{
							"time": 0.5,
							"vertices": [ 18.12778, -31.11756, -2.89379, -22.9442, 3.20994, -11.77575, 1.69584, -2.34834, -73.92192, -18.83865, 4.69873, 9.54929, -20.41146, 4.29699, -0.23176, 4.9167, 42.48552, 24.78976, 19.49376, -0.20736 ]
						},
						{
							"time": 0.5666,
							"vertices": [ 17.10222, -34.77407, -1.84522, -22.78583, -10.31215, -6.72016, 1.87668, 2.28133, -61.73752, -14.55085, -6.64104, 6.59942, -4.36917, 2.9176, 2.31985, 13.90812, 46.24813, 31.05147, 16.42436, 6.14782 ]
						},
						{
							"time": 0.6333,
							"vertices": [ 25.92782, -30.07757, 2.51114, -20.18541, 2.60997, -13.43386, 1.69584, -2.34834, -73.92192, -18.83865, 4.69873, 9.54929, -15.21144, 8.45699, 10.16825, 15.31669, 66.9255, 44.02978, -5.04096, -2.93289 ],
							"curve": [ 0.25, 0, 0.75, 1 ]
						},
						{ "time": 0.8333 }
					]
				}
			}
		}
	}
}
}